<beans:beans xmlns="http://www.springframework.org/schema/security"
    xmlns:beans="http://www.springframework.org/schema/beans" xmlns:xsi="http://www.w3.org/2001/XMLSchema-instance"
	xsi:schemaLocation="http://www.springframework.org/schema/beans
          http://www.springframework.org/schema/beans/spring-beans.xsd
          http://www.springframework.org/schema/context
		  http://www.springframework.org/schema/context/spring-context.xsd
          http://www.springframework.org/schema/security
          http://www.springframework.org/schema/security/spring-security.xsd">
          
   <beans:import resource="spring-config.xml"/>
   <global-method-security pre-post-annotations="enabled" />

   <http auto-config="true" use-expressions="true">
        <access-denied-handler error-page="/403page"/>
        <intercept-url pattern="/pro*" access="hasAnyRole('ROLE_USER','ROLE_ADMIN')" />
        
   	   		
   		<anonymous enabled='false'/>
   		
		<form-login login-processing-url="/prologin"  login-page="/login"
			username-parameter="userid" password-parameter="password"
			authentication-failure-url="/authFail?auth=fail"  authentication-success-handler-ref="authenticationSuccessHandler"/>
			
		<session-management invalid-session-url="/sessionExp?session=expired" session-authentication-error-url="/sessionExp?session=alreadyLogged" session-fixation-protection="newSession">
		        <concurrency-control error-if-maximum-exceeded="true" max-sessions="5" expired-url="/sessionExp?session=expired" session-registry-ref="sessionRegistry"/>            
		</session-management>
		<logout invalidate-session="true" delete-cookies="JSESSIONID"/>
		<headers>
     	   <cache-control />
   		 </headers>
  </http>
 
   <beans:bean id="authenticationSuccessHandler" class="com.prokabaddi.handler.UserAuthenticationSuccessHandler" />
   
  	<authentication-manager>
		<authentication-provider>
			<user-service>
				<user name="demo" password="demo" authorities="ROLE_USER" />
				<user name="demo1" password="demo1" authorities="ROLE_ADMIN" />
			</user-service>
		</authentication-provider>
	</authentication-manager>  
 	
	<beans:bean id="sessionRegistry" class="org.springframework.security.core.session.SessionRegistryImpl" />
	<beans:bean class="org.springframework.web.servlet.mvc.annotation.AnnotationMethodHandlerAdapter">
		<beans:property name="cacheSeconds" value="0" />
	</beans:bean>
</beans:beans>