<?xml version="1.0" encoding="UTF-8"?>
<beans xmlns="http://www.springframework.org/schema/beans"
	xmlns:xsi="http://www.w3.org/2001/XMLSchema-instance" xmlns:p="http://www.springframework.org/schema/p"
	xmlns:context="http://www.springframework.org/schema/context"
	xmlns:tx="http://www.springframework.org/schema/tx"
	xmlns:mvc="http://www.springframework.org/schema/mvc"
	xsi:schemaLocation="http://www.springframework.org/schema/beans
		http://www.springframework.org/schema/beans/spring-beans.xsd
		http://www.springframework.org/schema/context
		http://www.springframework.org/schema/context/spring-context.xsd
		http://www.springframework.org/schema/mvc
        http://www.springframework.org/schema/mvc/spring-mvc.xsd
        http://www.springframework.org/schema/tx
        http://www.springframework.org/schema/tx/spring-tx.xsd">
 	  
 
 
   	<context:property-placeholder location="classpath:properties/db.properties" />
   
	<bean id="messageSource" class="org.springframework.context.support.ReloadableResourceBundleMessageSource">
	  <property name="basenames" value="classpath:properties/messages,classpath:properties/exception,classpath:properties/db.properties"/>
	</bean>
	
	<bean id="localeChangeInterceptor"
		class="org.springframework.web.servlet.i18n.LocaleChangeInterceptor">
		<property name="paramName" value="lang" />
	</bean>

	<bean id="localeResolver"
		class="org.springframework.web.servlet.i18n.CookieLocaleResolver">
		<property name="defaultLocale" value="en"/>
	</bean>

	<bean id="handlerMapping"
		class="org.springframework.web.servlet.mvc.annotation.DefaultAnnotationHandlerMapping">
		<property name="interceptors">
			<ref bean="localeChangeInterceptor" />
		</property>
	</bean>
	
    <bean id="messageAdapter"
		class="org.springframework.web.servlet.mvc.annotation.AnnotationMethodHandlerAdapter">
		<property name="messageConverters">
			<list>
				<!-- Message converters -->
				<bean class="org.springframework.http.converter.StringHttpMessageConverter" />
				<bean class="org.springframework.http.converter.FormHttpMessageConverter"/>
				<bean class="org.springframework.http.converter.ByteArrayHttpMessageConverter" />
				<bean class="org.springframework.http.converter.xml.SourceHttpMessageConverter" />
				<bean class="org.springframework.http.converter.BufferedImageHttpMessageConverter" />
				<bean class="org.springframework.http.converter.json.MappingJackson2HttpMessageConverter" />
			</list>
		</property>
	</bean>
	  
</beans>



